model,fold,ratio,seed,n_videos,macro_f1,total_frames,agg_f1,inv_f1,allo_f1,stand_f1,agg_fr,inv_fr,allo_fr,stand_fr
ViT-B,1,1.0,-,12,0.64875,211524.0,0.754,0.673,0.499,0.669,23368.0,40431.0,21669.0,6330.0
ViT-B,2,1.0,-,12,0.40075,210426.0,0.332,0.472,0.202,0.597,24852.0,41914.0,21227.0,10138.0
ViT-B,3,1.0,-,12,0.64125,215818.0,0.807,0.686,0.335,0.737,21546.0,44407.0,24070.0,8546.0
ViT-B,1,0.75,42,9,0.6229250000000001,158964.0,0.7569,0.6682,0.3906,0.676,16335.0,30953.0,12663.0,4373.0
ViT-B,1,0.75,123,9,0.63055,160169.0,0.7517,0.6798,0.3743,0.7164,11299.0,36175.0,20490.0,5248.0
ViT-B,1,0.75,999,9,0.62705,156761.0,0.7507,0.6463,0.4583,0.6529,21640.0,27453.0,16648.0,4682.0
ViT-B,2,0.75,42,9,0.39544999999999997,157310.0,0.3285,0.4709,0.2295,0.5529,23612.0,27110.0,13334.0,6660.0
ViT-B,2,0.75,123,9,0.380525,157069.0,0.304,0.5105,0.1636,0.544,19683.0,31779.0,16612.0,7843.0
ViT-B,2,0.75,999,9,0.37565000000000004,158183.0,0.2915,0.4764,0.2166,0.5181,15561.0,35888.0,17907.0,8237.0
ViT-B,3,0.75,42,9,0.6489,161868.0,0.7869,0.6706,0.4042,0.7339,19301.0,30242.0,11275.0,5767.0
ViT-B,3,0.75,123,9,0.622525,163899.0,0.7503,0.6643,0.3495,0.726,14589.0,36971.0,23036.0,6595.0
ViT-B,3,0.75,999,9,0.62655,161055.0,0.7568,0.6564,0.3646,0.7284,19818.0,31429.0,19049.0,6898.0
ViT-B,1,0.5,42,6,0.60075,104941.0,0.6691,0.6324,0.3893,0.7122,8590.0,23527.0,8292.0,3735.0
ViT-B,1,0.5,123,6,0.65325,109305.0,0.7937,0.6812,0.4006,0.7375,7276.0,24176.0,10254.0,4258.0
ViT-B,1,0.5,999,6,0.5829249999999999,102571.0,0.7299,0.612,0.3672,0.6226,17070.0,14521.0,6018.0,2746.0
ViT-B,2,0.5,42,6,0.373225,106903.0,0.3087,0.5019,0.1254,0.5569,19278.0,18206.0,9435.0,4843.0
ViT-B,2,0.5,123,6,0.35957500000000003,103278.0,0.3357,0.4762,0.1085,0.5179,11303.0,21593.0,12128.0,5200.0
ViT-B,2,0.5,999,6,0.363225,105058.0,0.3275,0.5101,0.1048,0.5105,12369.0,22181.0,13428.0,4353.0
ViT-B,3,0.5,42,6,0.578025,108228.0,0.7214,0.6316,0.2087,0.7504,13541.0,21835.0,6874.0,5092.0
ViT-B,3,0.5,123,6,0.65725,109517.0,0.7761,0.6836,0.4274,0.7419,5242.0,26800.0,12969.0,5497.0
ViT-B,3,0.5,999,6,0.56635,107096.0,0.7791,0.6539,0.1193,0.7131,15621.0,18361.0,9668.0,3713.0
ViT-B,1,0.25,42,3,0.41345,50181.0,0.1066,0.5352,0.4109,0.6011,1500.0,14090.0,4241.0,2944.0
ViT-B,1,0.25,123,3,0.502575,55151.0,0.6703,0.6055,0.1349,0.5996,2507.0,11913.0,3214.0,1909.0
ViT-B,1,0.25,999,3,0.40585000000000004,50328.0,0.7049,0.5702,0.0962,0.2521,7779.0,8495.0,2698.0,845.0
ViT-B,2,0.25,42,3,0.301025,51995.0,0.3137,0.4243,0.0967,0.3694,11671.0,7993.0,4116.0,2373.0
ViT-B,2,0.25,123,3,0.29274999999999995,48912.0,0.3072,0.4542,0.0346,0.375,8568.0,6706.0,2373.0,1612.0
ViT-B,2,0.25,999,3,0.29410000000000003,51808.0,0.2934,0.4989,0.0873,0.2968,9851.0,10487.0,6289.0,1593.0
ViT-B,3,0.25,42,3,0.567875,53781.0,0.7816,0.6337,0.1493,0.7069,7866.0,11286.0,5200.0,2950.0
ViT-B,3,0.25,123,3,0.5080250000000001,55151.0,0.6161,0.5692,0.2454,0.6014,2507.0,11913.0,3214.0,1909.0
ViT-B,3,0.25,999,3,0.33425000000000005,53846.0,0.7293,0.5041,0.0193,0.0843,13103.0,6667.0,2529.0,953.0
Swin-T,1,1.0,-,12,0.6680250000000001,211524.0,0.8154,0.7038,0.3847,0.7682,23368.0,40431.0,21669.0,6330.0
Swin-T,2,1.0,-,12,0.4197,210426.0,0.3459,0.5102,0.2506,0.5721,24852.0,41914.0,21227.0,10138.0
Swin-T,3,1.0,-,12,0.63575,215818.0,0.7566,0.6669,0.3736,0.7459,21546.0,44407.0,24070.0,8546.0
Swin-T,1,0.75,42,9,0.6631,158964.0,0.8068,0.6691,0.4389,0.7376,16335.0,30953.0,12663.0,4373.0
Swin-T,1,0.75,123,9,0.5760000000000001,160169.0,0.7544,0.6503,0.1955,0.7038,11299.0,36175.0,20490.0,5248.0
Swin-T,1,0.75,999,9,0.6482,156761.0,0.8109,0.6315,0.4863,0.6641,21640.0,27453.0,16648.0,4682.0
Swin-T,2,0.75,42,9,0.4099999999999999,157310.0,0.357,0.5136,0.2155,0.5539,23612.0,27110.0,13334.0,6660.0
Swin-T,2,0.75,123,9,0.41295000000000004,157069.0,0.3424,0.4943,0.2596,0.5555,19683.0,31779.0,16612.0,7843.0
Swin-T,2,0.75,999,9,0.404825,158183.0,0.3582,0.494,0.2563,0.5108,15561.0,35888.0,17907.0,8237.0
Swin-T,3,0.75,42,9,0.6531,161868.0,0.8002,0.6524,0.4732,0.6866,19301.0,30242.0,11275.0,5767.0
Swin-T,3,0.75,123,9,0.64785,163899.0,0.8042,0.6881,0.3927,0.7064,14589.0,36971.0,23036.0,6595.0
Swin-T,3,0.75,999,9,0.623775,161055.0,0.8202,0.6766,0.2781,0.7202,19818.0,31429.0,19049.0,6898.0
Swin-T,1,0.5,42,6,0.597375,104941.0,0.7401,0.6382,0.3099,0.7013,8590.0,23527.0,8292.0,3735.0
Swin-T,1,0.5,123,6,0.66365,109305.0,0.8172,0.6782,0.4063,0.7529,7276.0,24176.0,10254.0,4258.0
Swin-T,1,0.5,999,6,0.6266499999999999,102571.0,0.83,0.6102,0.3716,0.6948,17070.0,14521.0,6018.0,2746.0
Swin-T,2,0.5,42,6,0.3573,106903.0,0.324,0.5162,0.0395,0.5495,19278.0,18206.0,9435.0,4843.0
Swin-T,2,0.5,123,6,0.399675,103278.0,0.3567,0.5155,0.2104,0.5161,11303.0,21593.0,12128.0,5200.0
Swin-T,2,0.5,999,6,0.3721,105058.0,0.3489,0.5001,0.1429,0.4965,12369.0,22181.0,13428.0,4353.0
Swin-T,3,0.5,42,6,0.587225,108228.0,0.8035,0.6493,0.1547,0.7414,13541.0,21835.0,6874.0,5092.0
Swin-T,3,0.5,123,6,0.6389750000000001,109517.0,0.7704,0.6733,0.3586,0.7536,5242.0,26800.0,12969.0,5497.0
Swin-T,3,0.5,999,6,0.6083500000000001,107096.0,0.8098,0.6619,0.2414,0.7203,15621.0,18361.0,9668.0,3713.0
Swin-T,1,0.25,42,3,0.46919999999999995,50181.0,0.4049,0.5282,0.3318,0.6119,1500.0,14090.0,4241.0,2944.0
Swin-T,1,0.25,123,3,0.425425,55151.0,0.7526,0.5697,0.0388,0.3406,2507.0,11913.0,3214.0,1909.0
Swin-T,1,0.25,999,3,0.425425,50328.0,0.7526,0.5697,0.0388,0.3406,7779.0,8495.0,2698.0,845.0
Swin-T,2,0.25,42,3,0.326875,51995.0,0.2452,0.5057,0.0452,0.5114,11671.0,7993.0,4116.0,2373.0
Swin-T,2,0.25,123,3,0.3032,48912.0,0.3528,0.4676,0.0201,0.3723,8568.0,6706.0,2373.0,1612.0
Swin-T,2,0.25,999,3,0.355,51808.0,0.3563,0.478,0.1263,0.4594,9851.0,10487.0,6289.0,1593.0
Swin-T,3,0.25,42,3,0.5939500000000001,53781.0,0.7991,0.6427,0.2294,0.7046,7866.0,11286.0,5200.0,2950.0
Swin-T,3,0.25,123,3,0.5182249999999999,55151.0,0.6891,0.6055,0.1332,0.6451,2507.0,11913.0,3214.0,1909.0
Swin-T,3,0.25,999,3,0.414825,53846.0,0.7754,0.4425,0.0284,0.413,13103.0,6667.0,2529.0,953.0
